id,winner_model_a,winner_model_b,winner_tie
136060,0.343244272049987,0.37640458142563055,0.2803511465243825
211333,0.6844829230037378,0.22607932166412717,0.08943775533213508
1233961,0.44399712192893276,0.331857934484374,0.22414494358669323
